{"cameraMode":{"drawMode":0,"name":"Shaded","section":"Shading Mode"},"sceneLighting":true,"audioPlay":false,"sceneViewState":{"showFog":true,"showMaterialUpdate":false,"showSkybox":true,"showFlares":true,"showImageEffects":true,"showParticleSystems":true},"in2DMode":false,"pivot":{"x":-1.473486065864563,"y":2.2402701377868654,"z":100.44697570800781},"rotation":{"x":0.013795032165944577,"y":0.04529132321476936,"z":-0.0006264356197789311,"w":0.9988816380500794},"size":1.1881446838378907,"orthographic":false}